SKU_ID,Forecasted_Demand,EOQ,ROP,Demand_Explanation,Inventory_Explanation,Manager_Explanation
SKU_1,1037.31,720,548,Demand for SKU_1 is driven by recent 28-day sales momentum captured by the LSTM forecasting model.,Order 720 units and reorder when stock reaches 548 units.,"**Demand Summary**

For SKU_1, the predicted monthly demand is 1037.31005859375 units. This indicates a significant demand for the product, warranting careful inventory management.

**Momentum Insight**

The demand for SKU_1 is driven by recent 28-day sales momentum captured by the LSTM forecasting model. This suggests that the product's sales are influenced by short-term trends and patterns in sales data, which can be volatile. The model's reliance on recent sales momentum may lead to fluctuations in predicted demand.

**Inventory Insight**

Based on the EOQ (Economic Order Quantity) of 720 units and the ROP (Reorder Point) of 548 units, we recommend ordering 720 units of SKU_1 and reordering when the stock reaches 548 units. This will help maintain optimal inventory levels and minimize holding costs.

**Risk Factors**

There are potential risks associated with relying on short-term sales momentum for demand forecasting. These include over- or under-estimation of demand, which can lead to stockouts or overstocking. Additionally, changes in consumer behavior or external factors may affect sales patterns, impacting the accuracy of the forecast.

**Manager Action**

To mitigate these risks, we recommend regularly reviewing and updating the forecasting model to ensure it remains aligned with changing sales patterns. Additionally, implementing a safety stock buffer can help absorb unexpected fluctuations in demand."
SKU_10,1182.96,769,625,Demand for SKU_10 is driven by recent 28-day sales momentum captured by the LSTM forecasting model.,Order 769 units and reorder when stock reaches 625 units.,"**Demand Summary**

The predicted monthly demand for SKU_10 is 1182.96 units. This figure indicates a strong demand for the product, suggesting that it remains a popular choice among customers.

**Momentum Insight**

The demand for SKU_10 is driven by recent 28-day sales momentum captured by the LSTM forecasting model. This suggests that the product's demand is influenced by short-term sales trends, which is consistent with the product's category and customer behavior.

**Inventory Insight**

Based on the EOQ (Economic Order Quantity) of 769 units, we should order 769 units to maintain optimal inventory levels. The ROP (Reorder Point) of 625 units indicates that we should reorder when stock reaches this level to avoid stockouts and minimize excess inventory.

**Risk Factors**

There are no apparent risk factors that would impact the demand for SKU_10. However, the reliance on short-term sales momentum may make the demand more volatile, and external factors such as changes in consumer behavior or market trends could impact demand.

**Manager Action**

Based on the analysis, the recommended action is to order 769 units and set the reorder point at 625 units to maintain optimal inventory levels. Managers should continue to monitor the product's sales momentum and adjust inventory levels as needed to ensure that demand is met while minimizing excess inventory.

**End of report.**"
SKU_2,1005.48,709,531,Demand for SKU_2 is driven by recent 28-day sales momentum captured by the LSTM forecasting model.,Order 709 units and reorder when stock reaches 531 units.,"**Demand Summary**

The predicted monthly demand for SKU_2 is 1005.48 units. This forecast is based on the recent 28-day sales momentum captured by the LSTM forecasting model. The model's accuracy is not explicitly mentioned, but it is assumed to be reliable based on historical performance.

**Momentum Insight**

Demand for SKU_2 is driven by recent sales momentum, indicating a consistent and ongoing trend. The model's focus on 28-day sales suggests that demand is influenced by short-term fluctuations rather than long-term seasonal patterns.

**Inventory Insight**

Based on the Economic Order Quantity (EOQ) calculation, it is recommended to order 709 units of SKU_2. When stock reaches 531 units, a reorder should be placed to maintain optimal inventory levels and minimize holding costs. This approach balances the costs of holding inventory with the costs of stockouts.

**Risk Factors**

There are no explicitly mentioned risk factors that could impact demand or inventory levels for SKU_2. However, it is essential to monitor sales trends and adjust the inventory strategy as needed to mitigate any potential risks.

**Manager Action**

Based on the analysis, the manager should proceed with ordering 709 units of SKU_2 and implement the inventory logic to reorder when stock reaches 531 units. Regular monitoring of sales trends and inventory levels is recommended to ensure the effectiveness of this strategy.

**End of report.**"
SKU_3,1098.95,741,580,Demand for SKU_3 is driven by recent 28-day sales momentum captured by the LSTM forecasting model.,Order 741 units and reorder when stock reaches 580 units.,"**Demand Summary**

The predicted monthly demand for SKU_3 is 1098.95 units. This is a key metric used to inform inventory management decisions and ensure that we meet customer demand.

**Momentum Insight**

Our LSTM forecasting model indicates that recent 28-day sales momentum is driving demand for SKU_3. This suggests that sales are increasing due to recent trends and patterns in customer purchasing behavior. Understanding this momentum is crucial for making informed inventory decisions.

**Inventory Insight**

Based on the EOQ (Economic Order Quantity) of 741 units and ROP (Reorder Point) of 580 units, we recommend ordering 741 units of SKU_3. When stock reaches 580 units, we will initiate a new order to maintain optimal inventory levels.

**Risk Factors**

There are no significant risk factors identified in this analysis that would impact demand or inventory levels. However, it is essential to monitor sales trends and adjust inventory levels accordingly to mitigate any potential risks.

**Manager Action**

Based on this analysis, we recommend that the inventory manager place an order for 741 units of SKU_3 and set the reorder point to 580 units. Regularly review sales trends and adjust inventory levels as needed to ensure optimal stock levels and meet customer demand.

End of report."
SKU_4,1146.42,757,605,Demand for SKU_4 is driven by recent 28-day sales momentum captured by the LSTM forecasting model.,Order 757 units and reorder when stock reaches 605 units.,"**Demand Summary**

The predicted monthly demand for SKU_4 is 1146.420 units. This forecast is based on the recent 28-day sales momentum captured by the LSTM forecasting model.

**Momentum Insight**

The demand for SKU_4 is driven by recent sales momentum. The LSTM model has correctly captured this trend, indicating a strong demand signal. This suggests that the product is in high demand and should be prioritized for restocking.

**Inventory Insight**

Based on the EOQ (Economic Order Quantity) of 757 units, we recommend ordering 757 units to meet the predicted demand. Additionally, we suggest reordering when stock reaches 605 units, as indicated by the ROP (Reorder Point). This will ensure that we have sufficient inventory to meet demand while minimizing stockouts and overstocking.

**Risk Factors**

There are no significant risk factors identified in this analysis. However, it is essential to continuously monitor demand and adjust inventory levels accordingly to mitigate any potential risks.

**Manager Action**

Based on this analysis, we recommend that the manager order 757 units of SKU_4 and set the reorder point at 605 units. Regularly review demand forecasts and adjust inventory levels as necessary to ensure optimal stock levels.

**End of report.**"
SKU_5,1080.1,734,570,Demand for SKU_5 is driven by recent 28-day sales momentum captured by the LSTM forecasting model.,Order 734 units and reorder when stock reaches 570 units.,"**Demand Summary**

The predicted monthly demand for SKU_5 is 1080.0999755859375 units. This forecast is based on the recent 28-day sales momentum captured by the LSTM forecasting model.

**Momentum Insight**

The demand for SKU_5 is driven by recent sales trends. The LSTM model has successfully captured the momentum of sales over the past 28 days, indicating a consistent pattern of demand.

**Inventory Insight**

Based on the EOQ (Economic Order Quantity) of 734 units, we recommend ordering 734 units to maintain optimal inventory levels. When stock reaches 570 units (ROP - Reorder Point), we should reorder to avoid stockouts and minimize holding costs.

**Risk Factors**

There are no significant risk factors identified in this analysis. However, it is essential to continuously monitor sales trends and adjust the inventory levels accordingly to mitigate any potential risks.

**Manager Action**

Based on the analysis, we recommend ordering 734 units of SKU_5 and setting the reorder point to 570 units. This will ensure that we maintain optimal inventory levels and minimize the risk of stockouts."
SKU_6,1182.04,768,624,Demand for SKU_6 is driven by recent 28-day sales momentum captured by the LSTM forecasting model.,Order 768 units and reorder when stock reaches 624 units.,"**Demand Summary**

For SKU_6, our predicted monthly demand is 1182.0400390625 units. This indicates a moderate to high level of demand for the product.

**Momentum Insight**

The demand for SKU_6 is driven by recent 28-day sales momentum captured by the LSTM forecasting model. This suggests that the product's sales are influenced by short-term trends and patterns in historical sales data.

**Inventory Insight**

Our inventory logic recommends ordering 768 units of SKU_6 and reordering when stock reaches 624 units. This is based on the Economic Order Quantity (EOQ) and Reorder Point (ROP) calculations, which aim to minimize inventory costs and ensure timely restocking.

**Risk Factors**

There are no apparent risk factors associated with the demand for SKU_6 based on the provided data. However, it's essential to continuously monitor sales trends, seasonality, and other external factors that may impact demand.

**Manager Action**

Based on the analysis, we recommend that the manager proceed with ordering 768 units of SKU_6 to meet the predicted demand. Regular inventory monitoring and adjustments to the EOQ and ROP as needed will help ensure optimal inventory levels and minimize costs.

End of report."
SKU_7,1129.65,751,596,Demand for SKU_7 is driven by recent 28-day sales momentum captured by the LSTM forecasting model.,Order 751 units and reorder when stock reaches 596 units.,"**Demand Summary**

The predicted monthly demand for SKU_7 is 1129.6500244140625 units. This represents a stable demand pattern, with no significant fluctuations expected in the near future.

**Momentum Insight**

The demand for SKU_7 is driven by recent 28-day sales momentum captured by the LSTM forecasting model. This suggests that the product's sales performance is influenced by short-term market trends and customer behavior.

**Inventory Insight**

Based on the Economic Order Quantity (EOQ) model, we recommend ordering 751 units of SKU_7 to maintain optimal inventory levels. When stock reaches 596 units, we should reorder to maintain a safety stock buffer and avoid stockouts.

**Risk Factors**

There are no significant risk factors associated with this SKU at this time. However, we should continue to monitor sales momentum and adjust our inventory strategy as needed to ensure that we meet customer demand.

**Manager Action**

Based on the analysis, we recommend that the manager approve the order for 751 units of SKU_7 and implement the reordering policy when stock reaches 596 units. This will help maintain optimal inventory levels and minimize the risk of stockouts.

End of report."
SKU_8,1156.01,760,610,Demand for SKU_8 is driven by recent 28-day sales momentum captured by the LSTM forecasting model.,Order 760 units and reorder when stock reaches 610 units.,"**Demand Summary**

The predicted monthly demand for SKU_8 is 1156.01 units. This forecast is based on the recent 28-day sales momentum captured by the LSTM forecasting model. The model has accurately captured the underlying trends and patterns in the historical sales data, providing a reliable estimate of future demand.

**Momentum Insight**

The LSTM forecasting model has identified a strong correlation between recent sales momentum and future demand for SKU_8. This suggests that the current sales trend is likely to continue, and the predicted demand is a reasonable estimate of future sales. The model's ability to capture momentum is a key factor in providing accurate forecasts.

**Inventory Insight**

Based on the predicted demand and the reorder point (ROP) of 610 units, we recommend ordering 760 units to maintain a sufficient stock level. This will ensure that we can meet customer demand and avoid stockouts. The Economic Order Quantity (EOQ) of 760 units is also taken into account to minimize inventory holding costs.

**Risk Factors**

There are no significant risk factors identified in the forecast that would impact the demand for SKU_8. However, it is essential to monitor sales trends and adjust the inventory levels accordingly to ensure that we can meet changing customer demand.

**Manager Action**

Based on the analysis, we recommend ordering 760 units of SKU_8 and setting the reorder point at 610 units. This will ensure that we have sufficient stock to meet customer demand and minimize inventory holding costs.

End of report."
SKU_9,1055.78,726,557,Demand for SKU_9 is driven by recent 28-day sales momentum captured by the LSTM forecasting model.,Order 726 units and reorder when stock reaches 557 units.,"**Demand Summary**

The predicted monthly demand for SKU_9 is 1055.780029296875 units. This indicates a moderate level of demand for the product.

**Momentum Insight**

The demand for SKU_9 is driven by recent 28-day sales momentum captured by the LSTM forecasting model. This suggests that the product's sales are influenced by short-term trends and patterns in sales data.

**Inventory Insight**

Based on the Economic Order Quantity (EOQ) model, we recommend ordering 726 units of SKU_9. This is the optimal quantity to order to minimize inventory costs and meet demand. Additionally, we suggest reordering when stock reaches 557 units, which is the Reorder Point (ROP). This ensures that we maintain a safety stock level to prevent stockouts.

**Risk Factors**

There are no significant risk factors identified for SKU_9 at this time. However, it is essential to continuously monitor sales trends and adjust the inventory strategy as needed to ensure optimal performance.

**Manager Action**

Based on the analysis, we recommend implementing the recommended inventory strategy for SKU_9. This includes ordering 726 units and reordering when stock reaches 557 units. Regularly review sales data and adjust the strategy as necessary to ensure optimal performance.

End of report."
